{
	"class_name" : "PinholeCameraParameters",
	"extrinsic" : 
	[
		0.9996662707741133,
		0.0023008747490749141,
		0.025730391601495237,
		0.0,
		0.01537141534813188,
		0.74753039572281854,
		-0.66404971731089657,
		0.0,
		-0.020762145042659795,
		0.66422361704916477,
		0.74724555528109515,
		0.0,
		126.15338050567706,
		-18.980107161225881,
		112.58267451052983,
		1.0
	],
	"intrinsic" : 
	{
		"height" : 700,
		"intrinsic_matrix" : 
		[
			606.21778264910711,
			0.0,
			0.0,
			0.0,
			606.21778264910711,
			0.0,
			349.5,
			349.5,
			1.0
		],
		"width" : 700
	},
	"version_major" : 1,
	"version_minor" : 0
}